{"cameraMode":{"drawMode":0,"name":"Shaded","section":"Shading Mode"},"sceneLighting":true,"audioPlay":false,"sceneViewState":{"showFog":true,"showMaterialUpdate":false,"showSkybox":true,"showFlares":true,"showImageEffects":true,"showParticleSystems":true},"in2DMode":false,"pivot":{"x":-15.90211296081543,"y":1.3372998237609864,"z":93.1370849609375},"rotation":{"x":0.08761131018400192,"y":-0.06271526962518692,"z":0.005527678411453962,"w":0.9941672682762146},"size":6.719367980957031,"orthographic":true}